{
    "problem_number": 11,
    "best_solution": 1006,
    "objective_value": 968.0,
    "gap": 3.7773359840954273,
    "execution_time": "0:00:01.729002"
}