{
    "problem_number": 12,
    "best_solution": 966,
    "objective_value": 939.0,
    "gap": 2.7950310559006213,
    "execution_time": "0:00:01.404999"
}