{
    "problem_number": 14,
    "best_solution": 982,
    "objective_value": 952.0,
    "gap": 3.054989816700611,
    "execution_time": "0:00:02.007005"
}