{
    "problem_number": 6,
    "best_solution": 778,
    "objective_value": 769.0,
    "gap": 1.1568123393316194,
    "execution_time": "0:00:00.253001"
}