{
    "problem_number": 10,
    "best_solution": 829,
    "objective_value": 765.0,
    "gap": 7.720144752714113,
    "execution_time": "0:00:00.451643"
}