{
    "problem_number": 10,
    "best_solution": 829,
    "objective_value": 781.8797794176362,
    "gap": 5.683983182432304,
    "execution_time": "0:00:00.434998"
}