{
    "problem_number": 11,
    "best_solution": 1006,
    "objective_value": 999.7753475662621,
    "gap": 0.6187527270117199,
    "execution_time": "0:00:01.607999"
}