{
    "problem_number": 12,
    "best_solution": 966,
    "objective_value": 967.8134904197108,
    "gap": 0.18773192750629136,
    "execution_time": "0:00:01.625997"
}