{
    "problem_number": 13,
    "best_solution": 1026,
    "objective_value": 1013.0,
    "gap": 1.267056530214425,
    "execution_time": "0:00:03.508928"
}