{
    "problem_number": 13,
    "best_solution": 1026,
    "objective_value": 1040.1523958897487,
    "gap": 1.3793758177143014,
    "execution_time": "0:00:01.664001"
}