{
    "problem_number": 14,
    "best_solution": 982,
    "objective_value": 985.5684612060813,
    "gap": 0.36338708819565557,
    "execution_time": "0:00:01.662021"
}