{
    "problem_number": 15,
    "best_solution": 1091,
    "objective_value": 1081.6067409323555,
    "gap": 0.8609769997840991,
    "execution_time": "0:00:02.252998"
}