{
    "problem_number": 15,
    "best_solution": 1091,
    "objective_value": 1047.0,
    "gap": 4.032997250229148,
    "execution_time": "0:00:04.153875"
}