{
    "problem_number": 16,
    "best_solution": 954,
    "objective_value": 968.2462396175125,
    "gap": 1.4933165217518358,
    "execution_time": "0:00:01.540002"
}