{
    "problem_number": 16,
    "best_solution": 954,
    "objective_value": 935.0,
    "gap": 1.9916142557651992,
    "execution_time": "0:00:05.953278"
}