{
    "problem_number": 17,
    "best_solution": 1034,
    "objective_value": 1029.50262015441,
    "gap": 0.4349496949313446,
    "execution_time": "0:00:01.528000"
}