{
    "problem_number": 17,
    "best_solution": 1034,
    "objective_value": 1000.0,
    "gap": 3.2882011605415857,
    "execution_time": "0:00:05.295893"
}