{
    "problem_number": 18,
    "best_solution": 1043,
    "objective_value": 1005.0,
    "gap": 3.64333652924257,
    "execution_time": "0:00:04.151246"
}