{
    "problem_number": 18,
    "best_solution": 1043,
    "objective_value": 1035.6183419026622,
    "gap": 0.7077332787476296,
    "execution_time": "0:00:01.476003"
}