{
    "problem_number": 19,
    "best_solution": 1031,
    "objective_value": 994.0,
    "gap": 3.5887487875848687,
    "execution_time": "0:00:03.280293"
}