{
    "problem_number": 19,
    "best_solution": 1031,
    "objective_value": 1028.639020416027,
    "gap": 0.2289989897160959,
    "execution_time": "0:00:02.693998"
}