{
    "problem_number": 1,
    "best_solution": 713,
    "objective_value": 708.4035909690848,
    "gap": 0.644657648094698,
    "execution_time": "0:00:00.277000"
}