{
    "problem_number": 1,
    "best_solution": 713,
    "objective_value": 693.0,
    "gap": 2.805049088359046,
    "execution_time": "0:00:00.468581"
}