{
    "problem_number": 20,
    "best_solution": 1005,
    "objective_value": 948.8522771680377,
    "gap": 5.586838092732563,
    "execution_time": "0:00:02.633427"
}