{
    "problem_number": 20,
    "best_solution": 1005,
    "objective_value": 911.0,
    "gap": 9.35323383084577,
    "execution_time": "0:00:02.230360"
}