{
    "problem_number": 3,
    "best_solution": 751,
    "objective_value": 727.0,
    "gap": 3.1957390146471374,
    "execution_time": "0:00:00.406904"
}