{
    "problem_number": 4,
    "best_solution": 651,
    "objective_value": 653.1408420262931,
    "gap": 0.32885438191905647,
    "execution_time": "0:00:00.244998"
}