{
    "problem_number": 4,
    "best_solution": 651,
    "objective_value": 637.0,
    "gap": 2.1505376344086025,
    "execution_time": "0:00:00.337589"
}