{
    "problem_number": 5,
    "best_solution": 664,
    "objective_value": 648.0,
    "gap": 2.4096385542168677,
    "execution_time": "0:00:00.433515"
}