{
    "problem_number": 5,
    "best_solution": 664,
    "objective_value": 663.1405767719189,
    "gap": 0.12943120904836464,
    "execution_time": "0:00:00.243002"
}