{
    "problem_number": 6,
    "best_solution": 778,
    "objective_value": 788.1770430172692,
    "gap": 1.308103215587297,
    "execution_time": "0:00:00.242997"
}