{
    "problem_number": 7,
    "best_solution": 787,
    "objective_value": 762.2037128109172,
    "gap": 3.1507353480410187,
    "execution_time": "0:00:00.265000"
}