{
    "problem_number": 7,
    "best_solution": 787,
    "objective_value": 744.0,
    "gap": 5.463786531130877,
    "execution_time": "0:00:00.372614"
}