{
    "problem_number": 8,
    "best_solution": 820,
    "objective_value": 765.8476631150833,
    "gap": 6.603943522550821,
    "execution_time": "0:00:00.259000"
}