{
    "problem_number": 8,
    "best_solution": 820,
    "objective_value": 750.0,
    "gap": 8.536585365853659,
    "execution_time": "0:00:00.444646"
}