{
    "problem_number": 9,
    "best_solution": 715,
    "objective_value": 714.4174531008717,
    "gap": 0.0814750907871693,
    "execution_time": "0:00:00.257999"
}