{
    "problem_number": 9,
    "best_solution": 715,
    "objective_value": 698.0,
    "gap": 2.3776223776223775,
    "execution_time": "0:00:00.383808"
}